andre2051,andre2051@something.com
andre2052,andre2052@something.com
andre2053,andre2053@something.com
andre2054,andre2054@something.com
andre2055,andre2055@something.com
andre2056,andre2056@something.com
andre2057,andre2057@something.com
andre2058,andre2058@something.com
andre2059,andre2059@something.com
andre2060,andre2060@something.com
andre2061,andre2061@something.com
andre2062,andre2062@something.com
andre2063,andre2063@something.com
andre2064,andre2064@something.com
andre2065,andre2065@something.com
andre2066,andre2066@something.com
andre2067,andre2067@something.com
andre2068,andre2068@something.com
andre2069,andre2069@something.com
andre2070,andre2070@something.com
andre2071,andre2071@something.com
andre2072,andre2072@something.com
andre2073,andre2073@something.com
andre2074,andre2074@something.com
andre2075,andre2075@something.com
andre2076,andre2076@something.com
andre2077,andre2077@something.com
andre2078,andre2078@something.com
andre2079,andre2079@something.com
andre2080,andre2080@something.com
andre2081,andre2081@something.com
andre2082,andre2082@something.com
andre2083,andre2083@something.com
andre2084,andre2084@something.com
andre2085,andre2085@something.com
andre2086,andre2086@something.com
andre2087,andre2087@something.com
andre2088,andre2088@something.com
andre2089,andre2089@something.com
andre2090,andre2090@something.com
andre2091,andre2091@something.com
andre2092,andre2092@something.com
andre2093,andre2093@something.com
andre2094,andre2094@something.com
andre2095,andre2095@something.com
andre2096,andre2096@something.com
andre2097,andre2097@something.com
andre2098,andre2098@something.com
andre2099,andre2099@something.com
andre2100,andre2100@something.com
andre2101,andre2101@something.com
andre2102,andre2102@something.com
andre2103,andre2103@something.com
andre2104,andre2104@something.com
andre2105,andre2105@something.com
andre2106,andre2106@something.com
andre2107,andre2107@something.com
andre2108,andre2108@something.com
andre2109,andre2109@something.com
andre2110,andre2110@something.com
andre2111,andre2111@something.com
andre2112,andre2112@something.com
andre2113,andre2113@something.com
andre2114,andre2114@something.com
andre2115,andre2115@something.com
andre2116,andre2116@something.com
andre2117,andre2117@something.com
andre2118,andre2118@something.com
andre2119,andre2119@something.com
andre2120,andre2120@something.com
andre2121,andre2121@something.com
andre2122,andre2122@something.com
andre2123,andre2123@something.com
andre2124,andre2124@something.com
andre2125,andre2125@something.com
andre2126,andre2126@something.com
andre2127,andre2127@something.com
andre2128,andre2128@something.com
andre2129,andre2129@something.com
andre2130,andre2130@something.com
andre2131,andre2131@something.com
andre2132,andre2132@something.com
andre2133,andre2133@something.com
andre2134,andre2134@something.com
andre2135,andre2135@something.com
andre2136,andre2136@something.com
andre2137,andre2137@something.com
andre2138,andre2138@something.com
andre2139,andre2139@something.com
andre2140,andre2140@something.com
andre2141,andre2141@something.com
andre2142,andre2142@something.com
andre2143,andre2143@something.com
andre2144,andre2144@something.com
andre2145,andre2145@something.com
andre2146,andre2146@something.com
andre2147,andre2147@something.com
andre2148,andre2148@something.com
andre2149,andre2149@something.com
andre2150,andre2150@something.com
andre2151,andre2151@something.com
andre2152,andre2152@something.com
andre2153,andre2153@something.com
andre2154,andre2154@something.com
andre2155,andre2155@something.com
andre2156,andre2156@something.com
andre2157,andre2157@something.com
andre2158,andre2158@something.com
andre2159,andre2159@something.com
andre2160,andre2160@something.com
andre2161,andre2161@something.com
andre2162,andre2162@something.com
andre2163,andre2163@something.com
andre2164,andre2164@something.com
andre2165,andre2165@something.com
andre2166,andre2166@something.com
andre2167,andre2167@something.com
andre2168,andre2168@something.com
andre2169,andre2169@something.com
andre2170,andre2170@something.com
andre2171,andre2171@something.com
andre2172,andre2172@something.com
andre2173,andre2173@something.com
andre2174,andre2174@something.com
andre2175,andre2175@something.com
andre2176,andre2176@something.com
andre2177,andre2177@something.com
andre2178,andre2178@something.com
andre2179,andre2179@something.com
andre2180,andre2180@something.com
andre2181,andre2181@something.com
andre2182,andre2182@something.com
andre2183,andre2183@something.com
andre2184,andre2184@something.com
andre2185,andre2185@something.com
andre2186,andre2186@something.com
andre2187,andre2187@something.com
andre2188,andre2188@something.com
andre2189,andre2189@something.com
andre2190,andre2190@something.com
andre2191,andre2191@something.com
andre2192,andre2192@something.com
andre2193,andre2193@something.com
andre2194,andre2194@something.com
andre2195,andre2195@something.com
andre2196,andre2196@something.com
andre2197,andre2197@something.com
andre2198,andre2198@something.com
andre2199,andre2199@something.com
andre2200,andre2200@something.com
andre2201,andre2201@something.com
andre2202,andre2202@something.com
andre2203,andre2203@something.com
andre2204,andre2204@something.com
andre2205,andre2205@something.com
andre2206,andre2206@something.com
andre2207,andre2207@something.com
andre2208,andre2208@something.com
andre2209,andre2209@something.com
andre2210,andre2210@something.com
andre2211,andre2211@something.com
andre2212,andre2212@something.com
andre2213,andre2213@something.com
andre2214,andre2214@something.com
andre2215,andre2215@something.com
andre2216,andre2216@something.com
andre2217,andre2217@something.com
andre2218,andre2218@something.com
andre2219,andre2219@something.com
andre2220,andre2220@something.com
andre2221,andre2221@something.com
andre2222,andre2222@something.com
andre2223,andre2223@something.com
andre2224,andre2224@something.com
andre2225,andre2225@something.com
andre2226,andre2226@something.com
andre2227,andre2227@something.com
andre2228,andre2228@something.com
andre2229,andre2229@something.com
andre2230,andre2230@something.com
andre2231,andre2231@something.com
andre2232,andre2232@something.com
andre2233,andre2233@something.com
andre2234,andre2234@something.com
andre2235,andre2235@something.com
andre2236,andre2236@something.com
andre2237,andre2237@something.com
andre2238,andre2238@something.com
andre2239,andre2239@something.com
andre2240,andre2240@something.com
andre2241,andre2241@something.com
andre2242,andre2242@something.com
andre2243,andre2243@something.com
andre2244,andre2244@something.com
andre2245,andre2245@something.com
andre2246,andre2246@something.com
andre2247,andre2247@something.com
andre2248,andre2248@something.com
andre2249,andre2249@something.com
andre2250,andre2250@something.com
andre2251,andre2251@something.com
andre2252,andre2252@something.com
andre2253,andre2253@something.com
andre2254,andre2254@something.com
andre2255,andre2255@something.com
andre2256,andre2256@something.com
andre2257,andre2257@something.com
andre2258,andre2258@something.com
andre2259,andre2259@something.com
andre2260,andre2260@something.com
andre2261,andre2261@something.com
andre2262,andre2262@something.com
andre2263,andre2263@something.com
andre2264,andre2264@something.com
andre2265,andre2265@something.com
andre2266,andre2266@something.com
andre2267,andre2267@something.com
andre2268,andre2268@something.com
andre2269,andre2269@something.com
andre2270,andre2270@something.com
andre2271,andre2271@something.com
andre2272,andre2272@something.com
andre2273,andre2273@something.com
andre2274,andre2274@something.com
andre2275,andre2275@something.com
andre2276,andre2276@something.com
andre2277,andre2277@something.com
andre2278,andre2278@something.com
andre2279,andre2279@something.com
andre2280,andre2280@something.com
andre2281,andre2281@something.com
andre2282,andre2282@something.com
andre2283,andre2283@something.com
andre2284,andre2284@something.com
andre2285,andre2285@something.com
andre2286,andre2286@something.com
andre2287,andre2287@something.com
andre2288,andre2288@something.com
andre2289,andre2289@something.com
andre2290,andre2290@something.com
andre2291,andre2291@something.com
andre2292,andre2292@something.com
andre2293,andre2293@something.com
andre2294,andre2294@something.com
andre2295,andre2295@something.com
andre2296,andre2296@something.com
andre2297,andre2297@something.com
andre2298,andre2298@something.com
andre2299,andre2299@something.com
andre2300,andre2300@something.com
andre2301,andre2301@something.com
andre2302,andre2302@something.com
andre2303,andre2303@something.com
andre2304,andre2304@something.com
andre2305,andre2305@something.com
andre2306,andre2306@something.com
andre2307,andre2307@something.com
andre2308,andre2308@something.com
andre2309,andre2309@something.com
andre2310,andre2310@something.com
andre2311,andre2311@something.com
andre2312,andre2312@something.com
andre2313,andre2313@something.com
andre2314,andre2314@something.com
andre2315,andre2315@something.com
andre2316,andre2316@something.com
andre2317,andre2317@something.com
andre2318,andre2318@something.com
andre2319,andre2319@something.com
andre2320,andre2320@something.com
andre2321,andre2321@something.com
andre2322,andre2322@something.com
andre2323,andre2323@something.com
andre2324,andre2324@something.com
andre2325,andre2325@something.com
andre2326,andre2326@something.com
andre2327,andre2327@something.com
andre2328,andre2328@something.com
andre2329,andre2329@something.com
andre2330,andre2330@something.com
andre2331,andre2331@something.com
andre2332,andre2332@something.com
andre2333,andre2333@something.com
andre2334,andre2334@something.com
andre2335,andre2335@something.com
andre2336,andre2336@something.com
andre2337,andre2337@something.com
andre2338,andre2338@something.com
andre2339,andre2339@something.com
andre2340,andre2340@something.com
andre2341,andre2341@something.com
andre2342,andre2342@something.com
andre2343,andre2343@something.com
andre2344,andre2344@something.com
andre2345,andre2345@something.com
andre2346,andre2346@something.com
andre2347,andre2347@something.com
andre2348,andre2348@something.com
andre2349,andre2349@something.com
andre2350,andre2350@something.com
andre2351,andre2351@something.com
andre2352,andre2352@something.com
andre2353,andre2353@something.com
andre2354,andre2354@something.com
andre2355,andre2355@something.com
andre2356,andre2356@something.com
andre2357,andre2357@something.com
andre2358,andre2358@something.com
andre2359,andre2359@something.com
andre2360,andre2360@something.com
andre2361,andre2361@something.com
andre2362,andre2362@something.com
andre2363,andre2363@something.com
andre2364,andre2364@something.com
andre2365,andre2365@something.com
andre2366,andre2366@something.com
andre2367,andre2367@something.com
andre2368,andre2368@something.com
andre2369,andre2369@something.com
andre2370,andre2370@something.com
andre2371,andre2371@something.com
andre2372,andre2372@something.com
andre2373,andre2373@something.com
andre2374,andre2374@something.com
andre2375,andre2375@something.com
andre2376,andre2376@something.com
andre2377,andre2377@something.com
andre2378,andre2378@something.com
andre2379,andre2379@something.com
andre2380,andre2380@something.com
andre2381,andre2381@something.com
andre2382,andre2382@something.com
andre2383,andre2383@something.com
andre2384,andre2384@something.com
andre2385,andre2385@something.com
andre2386,andre2386@something.com
andre2387,andre2387@something.com
andre2388,andre2388@something.com
andre2389,andre2389@something.com
andre2390,andre2390@something.com
andre2391,andre2391@something.com
andre2392,andre2392@something.com
andre2393,andre2393@something.com
andre2394,andre2394@something.com
andre2395,andre2395@something.com
andre2396,andre2396@something.com
andre2397,andre2397@something.com
andre2398,andre2398@something.com
andre2399,andre2399@something.com
andre2400,andre2400@something.com
andre2401,andre2401@something.com
andre2402,andre2402@something.com
andre2403,andre2403@something.com
andre2404,andre2404@something.com
andre2405,andre2405@something.com
andre2406,andre2406@something.com
andre2407,andre2407@something.com
andre2408,andre2408@something.com
andre2409,andre2409@something.com
andre2410,andre2410@something.com
andre2411,andre2411@something.com
andre2412,andre2412@something.com
andre2413,andre2413@something.com
andre2414,andre2414@something.com
andre2415,andre2415@something.com
andre2416,andre2416@something.com
andre2417,andre2417@something.com
andre2418,andre2418@something.com
andre2419,andre2419@something.com
andre2420,andre2420@something.com
andre2421,andre2421@something.com
andre2422,andre2422@something.com
andre2423,andre2423@something.com
andre2424,andre2424@something.com
andre2425,andre2425@something.com
andre2426,andre2426@something.com
andre2427,andre2427@something.com
andre2428,andre2428@something.com
andre2429,andre2429@something.com
andre2430,andre2430@something.com
andre2431,andre2431@something.com
andre2432,andre2432@something.com
andre2433,andre2433@something.com
andre2434,andre2434@something.com
andre2435,andre2435@something.com
andre2436,andre2436@something.com
andre2437,andre2437@something.com
andre2438,andre2438@something.com
andre2439,andre2439@something.com
andre2440,andre2440@something.com
andre2441,andre2441@something.com
andre2442,andre2442@something.com
andre2443,andre2443@something.com
andre2444,andre2444@something.com
andre2445,andre2445@something.com
andre2446,andre2446@something.com
andre2447,andre2447@something.com
andre2448,andre2448@something.com
andre2449,andre2449@something.com
andre2450,andre2450@something.com
andre2451,andre2451@something.com
andre2452,andre2452@something.com
andre2453,andre2453@something.com
andre2454,andre2454@something.com
andre2455,andre2455@something.com
andre2456,andre2456@something.com
andre2457,andre2457@something.com
andre2458,andre2458@something.com
andre2459,andre2459@something.com
andre2460,andre2460@something.com
andre2461,andre2461@something.com
andre2462,andre2462@something.com
andre2463,andre2463@something.com
andre2464,andre2464@something.com
andre2465,andre2465@something.com
andre2466,andre2466@something.com
andre2467,andre2467@something.com
andre2468,andre2468@something.com
andre2469,andre2469@something.com
andre2470,andre2470@something.com
andre2471,andre2471@something.com
andre2472,andre2472@something.com
andre2473,andre2473@something.com
andre2474,andre2474@something.com
andre2475,andre2475@something.com
andre2476,andre2476@something.com
andre2477,andre2477@something.com
andre2478,andre2478@something.com
andre2479,andre2479@something.com
andre2480,andre2480@something.com
andre2481,andre2481@something.com
andre2482,andre2482@something.com
andre2483,andre2483@something.com
andre2484,andre2484@something.com
andre2485,andre2485@something.com
andre2486,andre2486@something.com
andre2487,andre2487@something.com
andre2488,andre2488@something.com
andre2489,andre2489@something.com
andre2490,andre2490@something.com
andre2491,andre2491@something.com
andre2492,andre2492@something.com
andre2493,andre2493@something.com
andre2494,andre2494@something.com
andre2495,andre2495@something.com
andre2496,andre2496@something.com
andre2497,andre2497@something.com
andre2498,andre2498@something.com
andre2499,andre2499@something.com
andre2500,andre2500@something.com
andre2501,andre2501@something.com
andre2502,andre2502@something.com
andre2503,andre2503@something.com
andre2504,andre2504@something.com
andre2505,andre2505@something.com
andre2506,andre2506@something.com
andre2507,andre2507@something.com
andre2508,andre2508@something.com
andre2509,andre2509@something.com
andre2510,andre2510@something.com
andre2511,andre2511@something.com
andre2512,andre2512@something.com
andre2513,andre2513@something.com
andre2514,andre2514@something.com
andre2515,andre2515@something.com
andre2516,andre2516@something.com
andre2517,andre2517@something.com
andre2518,andre2518@something.com
andre2519,andre2519@something.com
andre2520,andre2520@something.com
andre2521,andre2521@something.com
andre2522,andre2522@something.com
andre2523,andre2523@something.com
andre2524,andre2524@something.com
andre2525,andre2525@something.com
andre2526,andre2526@something.com
andre2527,andre2527@something.com
andre2528,andre2528@something.com
andre2529,andre2529@something.com
andre2530,andre2530@something.com
andre2531,andre2531@something.com
andre2532,andre2532@something.com
andre2533,andre2533@something.com
andre2534,andre2534@something.com
andre2535,andre2535@something.com
andre2536,andre2536@something.com
andre2537,andre2537@something.com
andre2538,andre2538@something.com
andre2539,andre2539@something.com
andre2540,andre2540@something.com
andre2541,andre2541@something.com
andre2542,andre2542@something.com
andre2543,andre2543@something.com
andre2544,andre2544@something.com
andre2545,andre2545@something.com
andre2546,andre2546@something.com
andre2547,andre2547@something.com
andre2548,andre2548@something.com
andre2549,andre2549@something.com
andre2550,andre2550@something.com
andre2551,andre2551@something.com
andre2552,andre2552@something.com
andre2553,andre2553@something.com
andre2554,andre2554@something.com
andre2555,andre2555@something.com
andre2556,andre2556@something.com
andre2557,andre2557@something.com
andre2558,andre2558@something.com
andre2559,andre2559@something.com
andre2560,andre2560@something.com
andre2561,andre2561@something.com
andre2562,andre2562@something.com
andre2563,andre2563@something.com
andre2564,andre2564@something.com
andre2565,andre2565@something.com
andre2566,andre2566@something.com
andre2567,andre2567@something.com
andre2568,andre2568@something.com
andre2569,andre2569@something.com
andre2570,andre2570@something.com
andre2571,andre2571@something.com
andre2572,andre2572@something.com
andre2573,andre2573@something.com
andre2574,andre2574@something.com
andre2575,andre2575@something.com
andre2576,andre2576@something.com
andre2577,andre2577@something.com
andre2578,andre2578@something.com
andre2579,andre2579@something.com
andre2580,andre2580@something.com
andre2581,andre2581@something.com
andre2582,andre2582@something.com
andre2583,andre2583@something.com
andre2584,andre2584@something.com
andre2585,andre2585@something.com
andre2586,andre2586@something.com
andre2587,andre2587@something.com
andre2588,andre2588@something.com
andre2589,andre2589@something.com
andre2590,andre2590@something.com
andre2591,andre2591@something.com
andre2592,andre2592@something.com
andre2593,andre2593@something.com
andre2594,andre2594@something.com
andre2595,andre2595@something.com
andre2596,andre2596@something.com
andre2597,andre2597@something.com
andre2598,andre2598@something.com
andre2599,andre2599@something.com
andre2600,andre2600@something.com
andre2601,andre2601@something.com
andre2602,andre2602@something.com
andre2603,andre2603@something.com
andre2604,andre2604@something.com
andre2605,andre2605@something.com
andre2606,andre2606@something.com
andre2607,andre2607@something.com
andre2608,andre2608@something.com
andre2609,andre2609@something.com
andre2610,andre2610@something.com
andre2611,andre2611@something.com
andre2612,andre2612@something.com
andre2613,andre2613@something.com
andre2614,andre2614@something.com
andre2615,andre2615@something.com
andre2616,andre2616@something.com
andre2617,andre2617@something.com
andre2618,andre2618@something.com
andre2619,andre2619@something.com
andre2620,andre2620@something.com
andre2621,andre2621@something.com
andre2622,andre2622@something.com
andre2623,andre2623@something.com
andre2624,andre2624@something.com
andre2625,andre2625@something.com
andre2626,andre2626@something.com
andre2627,andre2627@something.com
andre2628,andre2628@something.com
andre2629,andre2629@something.com
andre2630,andre2630@something.com
andre2631,andre2631@something.com
andre2632,andre2632@something.com
andre2633,andre2633@something.com
andre2634,andre2634@something.com
andre2635,andre2635@something.com
andre2636,andre2636@something.com
andre2637,andre2637@something.com
andre2638,andre2638@something.com
andre2639,andre2639@something.com
andre2640,andre2640@something.com
andre2641,andre2641@something.com
andre2642,andre2642@something.com
andre2643,andre2643@something.com
andre2644,andre2644@something.com
andre2645,andre2645@something.com
andre2646,andre2646@something.com
andre2647,andre2647@something.com
andre2648,andre2648@something.com
andre2649,andre2649@something.com
andre2650,andre2650@something.com
andre2651,andre2651@something.com
andre2652,andre2652@something.com
andre2653,andre2653@something.com
andre2654,andre2654@something.com
andre2655,andre2655@something.com
andre2656,andre2656@something.com
andre2657,andre2657@something.com
andre2658,andre2658@something.com
andre2659,andre2659@something.com
andre2660,andre2660@something.com
andre2661,andre2661@something.com
andre2662,andre2662@something.com
andre2663,andre2663@something.com
andre2664,andre2664@something.com
andre2665,andre2665@something.com
andre2666,andre2666@something.com
andre2667,andre2667@something.com
andre2668,andre2668@something.com
andre2669,andre2669@something.com
andre2670,andre2670@something.com
andre2671,andre2671@something.com
andre2672,andre2672@something.com
andre2673,andre2673@something.com
andre2674,andre2674@something.com
andre2675,andre2675@something.com
andre2676,andre2676@something.com
andre2677,andre2677@something.com
andre2678,andre2678@something.com
andre2679,andre2679@something.com
andre2680,andre2680@something.com
andre2681,andre2681@something.com
andre2682,andre2682@something.com
andre2683,andre2683@something.com
andre2684,andre2684@something.com
andre2685,andre2685@something.com
andre2686,andre2686@something.com
andre2687,andre2687@something.com
andre2688,andre2688@something.com
andre2689,andre2689@something.com
andre2690,andre2690@something.com
andre2691,andre2691@something.com
andre2692,andre2692@something.com
andre2693,andre2693@something.com
andre2694,andre2694@something.com
andre2695,andre2695@something.com
andre2696,andre2696@something.com
andre2697,andre2697@something.com
andre2698,andre2698@something.com
andre2699,andre2699@something.com
andre2700,andre2700@something.com
andre2701,andre2701@something.com
andre2702,andre2702@something.com
andre2703,andre2703@something.com
andre2704,andre2704@something.com
andre2705,andre2705@something.com
andre2706,andre2706@something.com
andre2707,andre2707@something.com
andre2708,andre2708@something.com
andre2709,andre2709@something.com
andre2710,andre2710@something.com
andre2711,andre2711@something.com
andre2712,andre2712@something.com
andre2713,andre2713@something.com
andre2714,andre2714@something.com
andre2715,andre2715@something.com
andre2716,andre2716@something.com
andre2717,andre2717@something.com
andre2718,andre2718@something.com
andre2719,andre2719@something.com
andre2720,andre2720@something.com
andre2721,andre2721@something.com
andre2722,andre2722@something.com
andre2723,andre2723@something.com
andre2724,andre2724@something.com
andre2725,andre2725@something.com
andre2726,andre2726@something.com
andre2727,andre2727@something.com
andre2728,andre2728@something.com
andre2729,andre2729@something.com
andre2730,andre2730@something.com
andre2731,andre2731@something.com
andre2732,andre2732@something.com
andre2733,andre2733@something.com
andre2734,andre2734@something.com
andre2735,andre2735@something.com
andre2736,andre2736@something.com
andre2737,andre2737@something.com
andre2738,andre2738@something.com
andre2739,andre2739@something.com
andre2740,andre2740@something.com
andre2741,andre2741@something.com
andre2742,andre2742@something.com
andre2743,andre2743@something.com
andre2744,andre2744@something.com
andre2745,andre2745@something.com
andre2746,andre2746@something.com
andre2747,andre2747@something.com
andre2748,andre2748@something.com
andre2749,andre2749@something.com
andre2750,andre2750@something.com
andre2751,andre2751@something.com
andre2752,andre2752@something.com
andre2753,andre2753@something.com
andre2754,andre2754@something.com
andre2755,andre2755@something.com
andre2756,andre2756@something.com
andre2757,andre2757@something.com
andre2758,andre2758@something.com
andre2759,andre2759@something.com
andre2760,andre2760@something.com
andre2761,andre2761@something.com
andre2762,andre2762@something.com
andre2763,andre2763@something.com
andre2764,andre2764@something.com
andre2765,andre2765@something.com
andre2766,andre2766@something.com
andre2767,andre2767@something.com
andre2768,andre2768@something.com
andre2769,andre2769@something.com
andre2770,andre2770@something.com
andre2771,andre2771@something.com
andre2772,andre2772@something.com
andre2773,andre2773@something.com
andre2774,andre2774@something.com
andre2775,andre2775@something.com
andre2776,andre2776@something.com
andre2777,andre2777@something.com
andre2778,andre2778@something.com
andre2779,andre2779@something.com
andre2780,andre2780@something.com
andre2781,andre2781@something.com
andre2782,andre2782@something.com
andre2783,andre2783@something.com
andre2784,andre2784@something.com
andre2785,andre2785@something.com
andre2786,andre2786@something.com
andre2787,andre2787@something.com
andre2788,andre2788@something.com
andre2789,andre2789@something.com
andre2790,andre2790@something.com
andre2791,andre2791@something.com
andre2792,andre2792@something.com
andre2793,andre2793@something.com
andre2794,andre2794@something.com
andre2795,andre2795@something.com
andre2796,andre2796@something.com
andre2797,andre2797@something.com
andre2798,andre2798@something.com
andre2799,andre2799@something.com
andre2800,andre2800@something.com
andre2801,andre2801@something.com
andre2802,andre2802@something.com
andre2803,andre2803@something.com
andre2804,andre2804@something.com
andre2805,andre2805@something.com
andre2806,andre2806@something.com
andre2807,andre2807@something.com
andre2808,andre2808@something.com
andre2809,andre2809@something.com
andre2810,andre2810@something.com
andre2811,andre2811@something.com
andre2812,andre2812@something.com
andre2813,andre2813@something.com
andre2814,andre2814@something.com
andre2815,andre2815@something.com
andre2816,andre2816@something.com
andre2817,andre2817@something.com
andre2818,andre2818@something.com
andre2819,andre2819@something.com
andre2820,andre2820@something.com
andre2821,andre2821@something.com
andre2822,andre2822@something.com
andre2823,andre2823@something.com
andre2824,andre2824@something.com
andre2825,andre2825@something.com
andre2826,andre2826@something.com
andre2827,andre2827@something.com
andre2828,andre2828@something.com
andre2829,andre2829@something.com
andre2830,andre2830@something.com
andre2831,andre2831@something.com
andre2832,andre2832@something.com
andre2833,andre2833@something.com
andre2834,andre2834@something.com
andre2835,andre2835@something.com
andre2836,andre2836@something.com
andre2837,andre2837@something.com
andre2838,andre2838@something.com
andre2839,andre2839@something.com
andre2840,andre2840@something.com
andre2841,andre2841@something.com
andre2842,andre2842@something.com
andre2843,andre2843@something.com
andre2844,andre2844@something.com
andre2845,andre2845@something.com
andre2846,andre2846@something.com
andre2847,andre2847@something.com
andre2848,andre2848@something.com
andre2849,andre2849@something.com
andre2850,andre2850@something.com
andre2851,andre2851@something.com
andre2852,andre2852@something.com
andre2853,andre2853@something.com
andre2854,andre2854@something.com
andre2855,andre2855@something.com
andre2856,andre2856@something.com
andre2857,andre2857@something.com
andre2858,andre2858@something.com
andre2859,andre2859@something.com
andre2860,andre2860@something.com
andre2861,andre2861@something.com
andre2862,andre2862@something.com
andre2863,andre2863@something.com
andre2864,andre2864@something.com
andre2865,andre2865@something.com
andre2866,andre2866@something.com
andre2867,andre2867@something.com
andre2868,andre2868@something.com
andre2869,andre2869@something.com
andre2870,andre2870@something.com
andre2871,andre2871@something.com
andre2872,andre2872@something.com
andre2873,andre2873@something.com
andre2874,andre2874@something.com
andre2875,andre2875@something.com
andre2876,andre2876@something.com
andre2877,andre2877@something.com
andre2878,andre2878@something.com
andre2879,andre2879@something.com
andre2880,andre2880@something.com
andre2881,andre2881@something.com
andre2882,andre2882@something.com
andre2883,andre2883@something.com
andre2884,andre2884@something.com
andre2885,andre2885@something.com
andre2886,andre2886@something.com
andre2887,andre2887@something.com
andre2888,andre2888@something.com
andre2889,andre2889@something.com
andre2890,andre2890@something.com
andre2891,andre2891@something.com
andre2892,andre2892@something.com
andre2893,andre2893@something.com
andre2894,andre2894@something.com
andre2895,andre2895@something.com
andre2896,andre2896@something.com
andre2897,andre2897@something.com
andre2898,andre2898@something.com
andre2899,andre2899@something.com
andre2900,andre2900@something.com
andre2901,andre2901@something.com
andre2902,andre2902@something.com
andre2903,andre2903@something.com
andre2904,andre2904@something.com
andre2905,andre2905@something.com
andre2906,andre2906@something.com
andre2907,andre2907@something.com
andre2908,andre2908@something.com
andre2909,andre2909@something.com
andre2910,andre2910@something.com
andre2911,andre2911@something.com
andre2912,andre2912@something.com
andre2913,andre2913@something.com
andre2914,andre2914@something.com
andre2915,andre2915@something.com
andre2916,andre2916@something.com
andre2917,andre2917@something.com
andre2918,andre2918@something.com
andre2919,andre2919@something.com
andre2920,andre2920@something.com
andre2921,andre2921@something.com
andre2922,andre2922@something.com
andre2923,andre2923@something.com
andre2924,andre2924@something.com
andre2925,andre2925@something.com
andre2926,andre2926@something.com
andre2927,andre2927@something.com
andre2928,andre2928@something.com
andre2929,andre2929@something.com
andre2930,andre2930@something.com
andre2931,andre2931@something.com
andre2932,andre2932@something.com
andre2933,andre2933@something.com
andre2934,andre2934@something.com
andre2935,andre2935@something.com
andre2936,andre2936@something.com
andre2937,andre2937@something.com
andre2938,andre2938@something.com
andre2939,andre2939@something.com
andre2940,andre2940@something.com
andre2941,andre2941@something.com
andre2942,andre2942@something.com
andre2943,andre2943@something.com
andre2944,andre2944@something.com
andre2945,andre2945@something.com
andre2946,andre2946@something.com
andre2947,andre2947@something.com
andre2948,andre2948@something.com
andre2949,andre2949@something.com
andre2950,andre2950@something.com
andre2951,andre2951@something.com
andre2952,andre2952@something.com
andre2953,andre2953@something.com
andre2954,andre2954@something.com
andre2955,andre2955@something.com
andre2956,andre2956@something.com
andre2957,andre2957@something.com
andre2958,andre2958@something.com
andre2959,andre2959@something.com
andre2960,andre2960@something.com
andre2961,andre2961@something.com
andre2962,andre2962@something.com
andre2963,andre2963@something.com
andre2964,andre2964@something.com
andre2965,andre2965@something.com
andre2966,andre2966@something.com
andre2967,andre2967@something.com
andre2968,andre2968@something.com
andre2969,andre2969@something.com
andre2970,andre2970@something.com
andre2971,andre2971@something.com
andre2972,andre2972@something.com
andre2973,andre2973@something.com
andre2974,andre2974@something.com
andre2975,andre2975@something.com
andre2976,andre2976@something.com
andre2977,andre2977@something.com
andre2978,andre2978@something.com
andre2979,andre2979@something.com
andre2980,andre2980@something.com
andre2981,andre2981@something.com
andre2982,andre2982@something.com
andre2983,andre2983@something.com
andre2984,andre2984@something.com
andre2985,andre2985@something.com
andre2986,andre2986@something.com
andre2987,andre2987@something.com
andre2988,andre2988@something.com
andre2989,andre2989@something.com
andre2990,andre2990@something.com
andre2991,andre2991@something.com
andre2992,andre2992@something.com
andre2993,andre2993@something.com
andre2994,andre2994@something.com
andre2995,andre2995@something.com
andre2996,andre2996@something.com
andre2997,andre2997@something.com
andre2998,andre2998@something.com
andre2999,andre2999@something.com
andre3000,andre3000@something.com
andre3001,andre3001@something.com
andre3002,andre3002@something.com
andre3003,andre3003@something.com
andre3004,andre3004@something.com
andre3005,andre3005@something.com
andre3006,andre3006@something.com
andre3007,andre3007@something.com
andre3008,andre3008@something.com
andre3009,andre3009@something.com
andre3010,andre3010@something.com
andre3011,andre3011@something.com
andre3012,andre3012@something.com
andre3013,andre3013@something.com
andre3014,andre3014@something.com
andre3015,andre3015@something.com
andre3016,andre3016@something.com
andre3017,andre3017@something.com
andre3018,andre3018@something.com
andre3019,andre3019@something.com
andre3020,andre3020@something.com
andre3021,andre3021@something.com
andre3022,andre3022@something.com
andre3023,andre3023@something.com
andre3024,andre3024@something.com
andre3025,andre3025@something.com
andre3026,andre3026@something.com
andre3027,andre3027@something.com
andre3028,andre3028@something.com
andre3029,andre3029@something.com
andre3030,andre3030@something.com
andre3031,andre3031@something.com
andre3032,andre3032@something.com
andre3033,andre3033@something.com
andre3034,andre3034@something.com
andre3035,andre3035@something.com
andre3036,andre3036@something.com
andre3037,andre3037@something.com
andre3038,andre3038@something.com
andre3039,andre3039@something.com
andre3040,andre3040@something.com
andre3041,andre3041@something.com
andre3042,andre3042@something.com
andre3043,andre3043@something.com
andre3044,andre3044@something.com
andre3045,andre3045@something.com
andre3046,andre3046@something.com
andre3047,andre3047@something.com
andre3048,andre3048@something.com
andre3049,andre3049@something.com
andre3050,andre3050@something.com
andre3051,andre3051@something.com
andre3052,andre3052@something.com
andre3053,andre3053@something.com
andre3054,andre3054@something.com
andre3055,andre3055@something.com
andre3056,andre3056@something.com
andre3057,andre3057@something.com
andre3058,andre3058@something.com
andre3059,andre3059@something.com
andre3060,andre3060@something.com
andre3061,andre3061@something.com
andre3062,andre3062@something.com
andre3063,andre3063@something.com
andre3064,andre3064@something.com
andre3065,andre3065@something.com
andre3066,andre3066@something.com
andre3067,andre3067@something.com
andre3068,andre3068@something.com
andre3069,andre3069@something.com
andre3070,andre3070@something.com
andre3071,andre3071@something.com
andre3072,andre3072@something.com
andre3073,andre3073@something.com
andre3074,andre3074@something.com
andre3075,andre3075@something.com
andre3076,andre3076@something.com
andre3077,andre3077@something.com
andre3078,andre3078@something.com
andre3079,andre3079@something.com
andre3080,andre3080@something.com
andre3081,andre3081@something.com
andre3082,andre3082@something.com
andre3083,andre3083@something.com
andre3084,andre3084@something.com
andre3085,andre3085@something.com
andre3086,andre3086@something.com
andre3087,andre3087@something.com
andre3088,andre3088@something.com
andre3089,andre3089@something.com
andre3090,andre3090@something.com
andre3091,andre3091@something.com
andre3092,andre3092@something.com
andre3093,andre3093@something.com
andre3094,andre3094@something.com
andre3095,andre3095@something.com
andre3096,andre3096@something.com
andre3097,andre3097@something.com
andre3098,andre3098@something.com
andre3099,andre3099@something.com
andre3100,andre3100@something.com
andre3101,andre3101@something.com
andre3102,andre3102@something.com
andre3103,andre3103@something.com
andre3104,andre3104@something.com
andre3105,andre3105@something.com
andre3106,andre3106@something.com
andre3107,andre3107@something.com
andre3108,andre3108@something.com
andre3109,andre3109@something.com
andre3110,andre3110@something.com
andre3111,andre3111@something.com
andre3112,andre3112@something.com
andre3113,andre3113@something.com
andre3114,andre3114@something.com
andre3115,andre3115@something.com
andre3116,andre3116@something.com
andre3117,andre3117@something.com
andre3118,andre3118@something.com
andre3119,andre3119@something.com
andre3120,andre3120@something.com
andre3121,andre3121@something.com
andre3122,andre3122@something.com
andre3123,andre3123@something.com
andre3124,andre3124@something.com
andre3125,andre3125@something.com
andre3126,andre3126@something.com
andre3127,andre3127@something.com
andre3128,andre3128@something.com
andre3129,andre3129@something.com
andre3130,andre3130@something.com
andre3131,andre3131@something.com
andre3132,andre3132@something.com
andre3133,andre3133@something.com
andre3134,andre3134@something.com
andre3135,andre3135@something.com
andre3136,andre3136@something.com
andre3137,andre3137@something.com
andre3138,andre3138@something.com
andre3139,andre3139@something.com
andre3140,andre3140@something.com
andre3141,andre3141@something.com
andre3142,andre3142@something.com
andre3143,andre3143@something.com
andre3144,andre3144@something.com
andre3145,andre3145@something.com
andre3146,andre3146@something.com
andre3147,andre3147@something.com
andre3148,andre3148@something.com
andre3149,andre3149@something.com
andre3150,andre3150@something.com
andre3151,andre3151@something.com
andre3152,andre3152@something.com
andre3153,andre3153@something.com
andre3154,andre3154@something.com
andre3155,andre3155@something.com
andre3156,andre3156@something.com
andre3157,andre3157@something.com
andre3158,andre3158@something.com
andre3159,andre3159@something.com
andre3160,andre3160@something.com
andre3161,andre3161@something.com
andre3162,andre3162@something.com
andre3163,andre3163@something.com
andre3164,andre3164@something.com
andre3165,andre3165@something.com
andre3166,andre3166@something.com
andre3167,andre3167@something.com
andre3168,andre3168@something.com
andre3169,andre3169@something.com
andre3170,andre3170@something.com
andre3171,andre3171@something.com
andre3172,andre3172@something.com
andre3173,andre3173@something.com
andre3174,andre3174@something.com
andre3175,andre3175@something.com
andre3176,andre3176@something.com
andre3177,andre3177@something.com
andre3178,andre3178@something.com
andre3179,andre3179@something.com
andre3180,andre3180@something.com
andre3181,andre3181@something.com
andre3182,andre3182@something.com
andre3183,andre3183@something.com
andre3184,andre3184@something.com
andre3185,andre3185@something.com
andre3186,andre3186@something.com
andre3187,andre3187@something.com
andre3188,andre3188@something.com
andre3189,andre3189@something.com
andre3190,andre3190@something.com
andre3191,andre3191@something.com
andre3192,andre3192@something.com
andre3193,andre3193@something.com
andre3194,andre3194@something.com
andre3195,andre3195@something.com
andre3196,andre3196@something.com
andre3197,andre3197@something.com
andre3198,andre3198@something.com
andre3199,andre3199@something.com
andre3200,andre3200@something.com
andre3201,andre3201@something.com
andre3202,andre3202@something.com
andre3203,andre3203@something.com
andre3204,andre3204@something.com
andre3205,andre3205@something.com
andre3206,andre3206@something.com
andre3207,andre3207@something.com
andre3208,andre3208@something.com
andre3209,andre3209@something.com
andre3210,andre3210@something.com
andre3211,andre3211@something.com
andre3212,andre3212@something.com
andre3213,andre3213@something.com
andre3214,andre3214@something.com
andre3215,andre3215@something.com
andre3216,andre3216@something.com
andre3217,andre3217@something.com
andre3218,andre3218@something.com
andre3219,andre3219@something.com
andre3220,andre3220@something.com
andre3221,andre3221@something.com
andre3222,andre3222@something.com
andre3223,andre3223@something.com
andre3224,andre3224@something.com
andre3225,andre3225@something.com
andre3226,andre3226@something.com
andre3227,andre3227@something.com
andre3228,andre3228@something.com
andre3229,andre3229@something.com
andre3230,andre3230@something.com
andre3231,andre3231@something.com
andre3232,andre3232@something.com
andre3233,andre3233@something.com
andre3234,andre3234@something.com
andre3235,andre3235@something.com
andre3236,andre3236@something.com
andre3237,andre3237@something.com
andre3238,andre3238@something.com
andre3239,andre3239@something.com
andre3240,andre3240@something.com
andre3241,andre3241@something.com
andre3242,andre3242@something.com
andre3243,andre3243@something.com
andre3244,andre3244@something.com
andre3245,andre3245@something.com
andre3246,andre3246@something.com
andre3247,andre3247@something.com
andre3248,andre3248@something.com
andre3249,andre3249@something.com
andre3250,andre3250@something.com
andre3251,andre3251@something.com
andre3252,andre3252@something.com
andre3253,andre3253@something.com
andre3254,andre3254@something.com
andre3255,andre3255@something.com
andre3256,andre3256@something.com
andre3257,andre3257@something.com
andre3258,andre3258@something.com
andre3259,andre3259@something.com
andre3260,andre3260@something.com
andre3261,andre3261@something.com
andre3262,andre3262@something.com
andre3263,andre3263@something.com
andre3264,andre3264@something.com
andre3265,andre3265@something.com
andre3266,andre3266@something.com
andre3267,andre3267@something.com
andre3268,andre3268@something.com
andre3269,andre3269@something.com
andre3270,andre3270@something.com
andre3271,andre3271@something.com
andre3272,andre3272@something.com
andre3273,andre3273@something.com
andre3274,andre3274@something.com
andre3275,andre3275@something.com
andre3276,andre3276@something.com
andre3277,andre3277@something.com
andre3278,andre3278@something.com
andre3279,andre3279@something.com
andre3280,andre3280@something.com
andre3281,andre3281@something.com
andre3282,andre3282@something.com
andre3283,andre3283@something.com
andre3284,andre3284@something.com
andre3285,andre3285@something.com
andre3286,andre3286@something.com
andre3287,andre3287@something.com
andre3288,andre3288@something.com
andre3289,andre3289@something.com
andre3290,andre3290@something.com
andre3291,andre3291@something.com
andre3292,andre3292@something.com
andre3293,andre3293@something.com
andre3294,andre3294@something.com
andre3295,andre3295@something.com
andre3296,andre3296@something.com
andre3297,andre3297@something.com
andre3298,andre3298@something.com
andre3299,andre3299@something.com
andre3300,andre3300@something.com
andre3301,andre3301@something.com
andre3302,andre3302@something.com
andre3303,andre3303@something.com
andre3304,andre3304@something.com
andre3305,andre3305@something.com
andre3306,andre3306@something.com
andre3307,andre3307@something.com
andre3308,andre3308@something.com
andre3309,andre3309@something.com
andre3310,andre3310@something.com
andre3311,andre3311@something.com
andre3312,andre3312@something.com
andre3313,andre3313@something.com
andre3314,andre3314@something.com
andre3315,andre3315@something.com
andre3316,andre3316@something.com
andre3317,andre3317@something.com
andre3318,andre3318@something.com
andre3319,andre3319@something.com
andre3320,andre3320@something.com
andre3321,andre3321@something.com
andre3322,andre3322@something.com
andre3323,andre3323@something.com
andre3324,andre3324@something.com
andre3325,andre3325@something.com
andre3326,andre3326@something.com
andre3327,andre3327@something.com
andre3328,andre3328@something.com
andre3329,andre3329@something.com
andre3330,andre3330@something.com
andre3331,andre3331@something.com
andre3332,andre3332@something.com
andre3333,andre3333@something.com
andre3334,andre3334@something.com
andre3335,andre3335@something.com
andre3336,andre3336@something.com
andre3337,andre3337@something.com
andre3338,andre3338@something.com
andre3339,andre3339@something.com
andre3340,andre3340@something.com
andre3341,andre3341@something.com
andre3342,andre3342@something.com
andre3343,andre3343@something.com
andre3344,andre3344@something.com
andre3345,andre3345@something.com
andre3346,andre3346@something.com
andre3347,andre3347@something.com
andre3348,andre3348@something.com
andre3349,andre3349@something.com
andre3350,andre3350@something.com
andre3351,andre3351@something.com
andre3352,andre3352@something.com
andre3353,andre3353@something.com
andre3354,andre3354@something.com
andre3355,andre3355@something.com
andre3356,andre3356@something.com
andre3357,andre3357@something.com
andre3358,andre3358@something.com
andre3359,andre3359@something.com
andre3360,andre3360@something.com
andre3361,andre3361@something.com
andre3362,andre3362@something.com
andre3363,andre3363@something.com
andre3364,andre3364@something.com
andre3365,andre3365@something.com
andre3366,andre3366@something.com
andre3367,andre3367@something.com
andre3368,andre3368@something.com
andre3369,andre3369@something.com
andre3370,andre3370@something.com
andre3371,andre3371@something.com
andre3372,andre3372@something.com
andre3373,andre3373@something.com
andre3374,andre3374@something.com
andre3375,andre3375@something.com
andre3376,andre3376@something.com
andre3377,andre3377@something.com
andre3378,andre3378@something.com
andre3379,andre3379@something.com
andre3380,andre3380@something.com
andre3381,andre3381@something.com
andre3382,andre3382@something.com
andre3383,andre3383@something.com
andre3384,andre3384@something.com
andre3385,andre3385@something.com
andre3386,andre3386@something.com
andre3387,andre3387@something.com
andre3388,andre3388@something.com
andre3389,andre3389@something.com
andre3390,andre3390@something.com
andre3391,andre3391@something.com
andre3392,andre3392@something.com
andre3393,andre3393@something.com
andre3394,andre3394@something.com
andre3395,andre3395@something.com
andre3396,andre3396@something.com
andre3397,andre3397@something.com
andre3398,andre3398@something.com
andre3399,andre3399@something.com
andre3400,andre3400@something.com
andre3401,andre3401@something.com
andre3402,andre3402@something.com
andre3403,andre3403@something.com
andre3404,andre3404@something.com
andre3405,andre3405@something.com
andre3406,andre3406@something.com
andre3407,andre3407@something.com
andre3408,andre3408@something.com
andre3409,andre3409@something.com
andre3410,andre3410@something.com
andre3411,andre3411@something.com
andre3412,andre3412@something.com
andre3413,andre3413@something.com
andre3414,andre3414@something.com
andre3415,andre3415@something.com
andre3416,andre3416@something.com
andre3417,andre3417@something.com
andre3418,andre3418@something.com
andre3419,andre3419@something.com
andre3420,andre3420@something.com
andre3421,andre3421@something.com
andre3422,andre3422@something.com
andre3423,andre3423@something.com
andre3424,andre3424@something.com
andre3425,andre3425@something.com
andre3426,andre3426@something.com
andre3427,andre3427@something.com
andre3428,andre3428@something.com
andre3429,andre3429@something.com
andre3430,andre3430@something.com
andre3431,andre3431@something.com
andre3432,andre3432@something.com
andre3433,andre3433@something.com
andre3434,andre3434@something.com
andre3435,andre3435@something.com
andre3436,andre3436@something.com
andre3437,andre3437@something.com
andre3438,andre3438@something.com
andre3439,andre3439@something.com
andre3440,andre3440@something.com
andre3441,andre3441@something.com
andre3442,andre3442@something.com
andre3443,andre3443@something.com
andre3444,andre3444@something.com
andre3445,andre3445@something.com
andre3446,andre3446@something.com
andre3447,andre3447@something.com
andre3448,andre3448@something.com
andre3449,andre3449@something.com
andre3450,andre3450@something.com
andre3451,andre3451@something.com
andre3452,andre3452@something.com
andre3453,andre3453@something.com
andre3454,andre3454@something.com
andre3455,andre3455@something.com
andre3456,andre3456@something.com
andre3457,andre3457@something.com
andre3458,andre3458@something.com
andre3459,andre3459@something.com
andre3460,andre3460@something.com
andre3461,andre3461@something.com
andre3462,andre3462@something.com
andre3463,andre3463@something.com
andre3464,andre3464@something.com
andre3465,andre3465@something.com
andre3466,andre3466@something.com
andre3467,andre3467@something.com
andre3468,andre3468@something.com
andre3469,andre3469@something.com
andre3470,andre3470@something.com
andre3471,andre3471@something.com
andre3472,andre3472@something.com
andre3473,andre3473@something.com
andre3474,andre3474@something.com
andre3475,andre3475@something.com
andre3476,andre3476@something.com
andre3477,andre3477@something.com
andre3478,andre3478@something.com
andre3479,andre3479@something.com
andre3480,andre3480@something.com
andre3481,andre3481@something.com
andre3482,andre3482@something.com
andre3483,andre3483@something.com
andre3484,andre3484@something.com
andre3485,andre3485@something.com
andre3486,andre3486@something.com
andre3487,andre3487@something.com
andre3488,andre3488@something.com
andre3489,andre3489@something.com
andre3490,andre3490@something.com
andre3491,andre3491@something.com
andre3492,andre3492@something.com
andre3493,andre3493@something.com
andre3494,andre3494@something.com
andre3495,andre3495@something.com
andre3496,andre3496@something.com
andre3497,andre3497@something.com
andre3498,andre3498@something.com
andre3499,andre3499@something.com
andre3500,andre3500@something.com
andre3501,andre3501@something.com
andre3502,andre3502@something.com
andre3503,andre3503@something.com
andre3504,andre3504@something.com
andre3505,andre3505@something.com
andre3506,andre3506@something.com
andre3507,andre3507@something.com
andre3508,andre3508@something.com
andre3509,andre3509@something.com
andre3510,andre3510@something.com
andre3511,andre3511@something.com
andre3512,andre3512@something.com
andre3513,andre3513@something.com
andre3514,andre3514@something.com
andre3515,andre3515@something.com
andre3516,andre3516@something.com
andre3517,andre3517@something.com
andre3518,andre3518@something.com
andre3519,andre3519@something.com
andre3520,andre3520@something.com
andre3521,andre3521@something.com
andre3522,andre3522@something.com
andre3523,andre3523@something.com
andre3524,andre3524@something.com
andre3525,andre3525@something.com
andre3526,andre3526@something.com
andre3527,andre3527@something.com
andre3528,andre3528@something.com
andre3529,andre3529@something.com
andre3530,andre3530@something.com
andre3531,andre3531@something.com
andre3532,andre3532@something.com
andre3533,andre3533@something.com
andre3534,andre3534@something.com
andre3535,andre3535@something.com
andre3536,andre3536@something.com
andre3537,andre3537@something.com
andre3538,andre3538@something.com
andre3539,andre3539@something.com
andre3540,andre3540@something.com
andre3541,andre3541@something.com
andre3542,andre3542@something.com
andre3543,andre3543@something.com
andre3544,andre3544@something.com
andre3545,andre3545@something.com
andre3546,andre3546@something.com
andre3547,andre3547@something.com
andre3548,andre3548@something.com
andre3549,andre3549@something.com
andre3550,andre3550@something.com
andre3551,andre3551@something.com
andre3552,andre3552@something.com
andre3553,andre3553@something.com
andre3554,andre3554@something.com
andre3555,andre3555@something.com
andre3556,andre3556@something.com
andre3557,andre3557@something.com
andre3558,andre3558@something.com
andre3559,andre3559@something.com
andre3560,andre3560@something.com
andre3561,andre3561@something.com
andre3562,andre3562@something.com
andre3563,andre3563@something.com
andre3564,andre3564@something.com
andre3565,andre3565@something.com
andre3566,andre3566@something.com
andre3567,andre3567@something.com
andre3568,andre3568@something.com
andre3569,andre3569@something.com
andre3570,andre3570@something.com
andre3571,andre3571@something.com
andre3572,andre3572@something.com
andre3573,andre3573@something.com
andre3574,andre3574@something.com
andre3575,andre3575@something.com
andre3576,andre3576@something.com
andre3577,andre3577@something.com
andre3578,andre3578@something.com
andre3579,andre3579@something.com
andre3580,andre3580@something.com
andre3581,andre3581@something.com
andre3582,andre3582@something.com
andre3583,andre3583@something.com
andre3584,andre3584@something.com
andre3585,andre3585@something.com
andre3586,andre3586@something.com
andre3587,andre3587@something.com
andre3588,andre3588@something.com
andre3589,andre3589@something.com
andre3590,andre3590@something.com
andre3591,andre3591@something.com
andre3592,andre3592@something.com
andre3593,andre3593@something.com
andre3594,andre3594@something.com
andre3595,andre3595@something.com
andre3596,andre3596@something.com
andre3597,andre3597@something.com
andre3598,andre3598@something.com
andre3599,andre3599@something.com
andre3600,andre3600@something.com
andre3601,andre3601@something.com
andre3602,andre3602@something.com
andre3603,andre3603@something.com
andre3604,andre3604@something.com
andre3605,andre3605@something.com
andre3606,andre3606@something.com
andre3607,andre3607@something.com
andre3608,andre3608@something.com
andre3609,andre3609@something.com
andre3610,andre3610@something.com
andre3611,andre3611@something.com
andre3612,andre3612@something.com
andre3613,andre3613@something.com
andre3614,andre3614@something.com
andre3615,andre3615@something.com
andre3616,andre3616@something.com
andre3617,andre3617@something.com
andre3618,andre3618@something.com
andre3619,andre3619@something.com
andre3620,andre3620@something.com
andre3621,andre3621@something.com
andre3622,andre3622@something.com
andre3623,andre3623@something.com
andre3624,andre3624@something.com
andre3625,andre3625@something.com
andre3626,andre3626@something.com
andre3627,andre3627@something.com
andre3628,andre3628@something.com
andre3629,andre3629@something.com
andre3630,andre3630@something.com
andre3631,andre3631@something.com
andre3632,andre3632@something.com
andre3633,andre3633@something.com
andre3634,andre3634@something.com
andre3635,andre3635@something.com
andre3636,andre3636@something.com
andre3637,andre3637@something.com
andre3638,andre3638@something.com
andre3639,andre3639@something.com
andre3640,andre3640@something.com
andre3641,andre3641@something.com
andre3642,andre3642@something.com
andre3643,andre3643@something.com
andre3644,andre3644@something.com
andre3645,andre3645@something.com
andre3646,andre3646@something.com
andre3647,andre3647@something.com
andre3648,andre3648@something.com
andre3649,andre3649@something.com
andre3650,andre3650@something.com
andre3651,andre3651@something.com
andre3652,andre3652@something.com
andre3653,andre3653@something.com
andre3654,andre3654@something.com
andre3655,andre3655@something.com
andre3656,andre3656@something.com
andre3657,andre3657@something.com
andre3658,andre3658@something.com
andre3659,andre3659@something.com
andre3660,andre3660@something.com
andre3661,andre3661@something.com
andre3662,andre3662@something.com
andre3663,andre3663@something.com
andre3664,andre3664@something.com
andre3665,andre3665@something.com
andre3666,andre3666@something.com
andre3667,andre3667@something.com
andre3668,andre3668@something.com
andre3669,andre3669@something.com
andre3670,andre3670@something.com
andre3671,andre3671@something.com
andre3672,andre3672@something.com
andre3673,andre3673@something.com
andre3674,andre3674@something.com
andre3675,andre3675@something.com
andre3676,andre3676@something.com
andre3677,andre3677@something.com
andre3678,andre3678@something.com
andre3679,andre3679@something.com
andre3680,andre3680@something.com
andre3681,andre3681@something.com
andre3682,andre3682@something.com
andre3683,andre3683@something.com
andre3684,andre3684@something.com
andre3685,andre3685@something.com
andre3686,andre3686@something.com
andre3687,andre3687@something.com
andre3688,andre3688@something.com
andre3689,andre3689@something.com
andre3690,andre3690@something.com
andre3691,andre3691@something.com
andre3692,andre3692@something.com
andre3693,andre3693@something.com
andre3694,andre3694@something.com
andre3695,andre3695@something.com
andre3696,andre3696@something.com
andre3697,andre3697@something.com
andre3698,andre3698@something.com
andre3699,andre3699@something.com
andre3700,andre3700@something.com
andre3701,andre3701@something.com
andre3702,andre3702@something.com
andre3703,andre3703@something.com
andre3704,andre3704@something.com
andre3705,andre3705@something.com
andre3706,andre3706@something.com
andre3707,andre3707@something.com
andre3708,andre3708@something.com
andre3709,andre3709@something.com
andre3710,andre3710@something.com
andre3711,andre3711@something.com
andre3712,andre3712@something.com
andre3713,andre3713@something.com
andre3714,andre3714@something.com
andre3715,andre3715@something.com
andre3716,andre3716@something.com
andre3717,andre3717@something.com
andre3718,andre3718@something.com
andre3719,andre3719@something.com
andre3720,andre3720@something.com
andre3721,andre3721@something.com
andre3722,andre3722@something.com
andre3723,andre3723@something.com
andre3724,andre3724@something.com
andre3725,andre3725@something.com
andre3726,andre3726@something.com
andre3727,andre3727@something.com
andre3728,andre3728@something.com
andre3729,andre3729@something.com
andre3730,andre3730@something.com
andre3731,andre3731@something.com
andre3732,andre3732@something.com
andre3733,andre3733@something.com
andre3734,andre3734@something.com
andre3735,andre3735@something.com
andre3736,andre3736@something.com
andre3737,andre3737@something.com
andre3738,andre3738@something.com
andre3739,andre3739@something.com
andre3740,andre3740@something.com
andre3741,andre3741@something.com
andre3742,andre3742@something.com
andre3743,andre3743@something.com
andre3744,andre3744@something.com
andre3745,andre3745@something.com
andre3746,andre3746@something.com
andre3747,andre3747@something.com
andre3748,andre3748@something.com
andre3749,andre3749@something.com
andre3750,andre3750@something.com
andre3751,andre3751@something.com
andre3752,andre3752@something.com
andre3753,andre3753@something.com
andre3754,andre3754@something.com
andre3755,andre3755@something.com
andre3756,andre3756@something.com
andre3757,andre3757@something.com
andre3758,andre3758@something.com
andre3759,andre3759@something.com
andre3760,andre3760@something.com
andre3761,andre3761@something.com
andre3762,andre3762@something.com
andre3763,andre3763@something.com
andre3764,andre3764@something.com
andre3765,andre3765@something.com
andre3766,andre3766@something.com
andre3767,andre3767@something.com
andre3768,andre3768@something.com
andre3769,andre3769@something.com
andre3770,andre3770@something.com
andre3771,andre3771@something.com
andre3772,andre3772@something.com
andre3773,andre3773@something.com
andre3774,andre3774@something.com
andre3775,andre3775@something.com
andre3776,andre3776@something.com
andre3777,andre3777@something.com
andre3778,andre3778@something.com
andre3779,andre3779@something.com
andre3780,andre3780@something.com
andre3781,andre3781@something.com
andre3782,andre3782@something.com
andre3783,andre3783@something.com
andre3784,andre3784@something.com
andre3785,andre3785@something.com
andre3786,andre3786@something.com
andre3787,andre3787@something.com
andre3788,andre3788@something.com
andre3789,andre3789@something.com
andre3790,andre3790@something.com
andre3791,andre3791@something.com
andre3792,andre3792@something.com
andre3793,andre3793@something.com
andre3794,andre3794@something.com
andre3795,andre3795@something.com
andre3796,andre3796@something.com
andre3797,andre3797@something.com
andre3798,andre3798@something.com
andre3799,andre3799@something.com
andre3800,andre3800@something.com
andre3801,andre3801@something.com
andre3802,andre3802@something.com
andre3803,andre3803@something.com
andre3804,andre3804@something.com
andre3805,andre3805@something.com
andre3806,andre3806@something.com
andre3807,andre3807@something.com
andre3808,andre3808@something.com
andre3809,andre3809@something.com
andre3810,andre3810@something.com
andre3811,andre3811@something.com
andre3812,andre3812@something.com
andre3813,andre3813@something.com
andre3814,andre3814@something.com
andre3815,andre3815@something.com
andre3816,andre3816@something.com
andre3817,andre3817@something.com
andre3818,andre3818@something.com
andre3819,andre3819@something.com
andre3820,andre3820@something.com
andre3821,andre3821@something.com
andre3822,andre3822@something.com
andre3823,andre3823@something.com
andre3824,andre3824@something.com
andre3825,andre3825@something.com
andre3826,andre3826@something.com
andre3827,andre3827@something.com
andre3828,andre3828@something.com
andre3829,andre3829@something.com
andre3830,andre3830@something.com
andre3831,andre3831@something.com
andre3832,andre3832@something.com
andre3833,andre3833@something.com
andre3834,andre3834@something.com
andre3835,andre3835@something.com
andre3836,andre3836@something.com
andre3837,andre3837@something.com
andre3838,andre3838@something.com
andre3839,andre3839@something.com
andre3840,andre3840@something.com
andre3841,andre3841@something.com
andre3842,andre3842@something.com
andre3843,andre3843@something.com
andre3844,andre3844@something.com
andre3845,andre3845@something.com
andre3846,andre3846@something.com
andre3847,andre3847@something.com
andre3848,andre3848@something.com
andre3849,andre3849@something.com
andre3850,andre3850@something.com
andre3851,andre3851@something.com
andre3852,andre3852@something.com
andre3853,andre3853@something.com
andre3854,andre3854@something.com
andre3855,andre3855@something.com
andre3856,andre3856@something.com
andre3857,andre3857@something.com
andre3858,andre3858@something.com
andre3859,andre3859@something.com
andre3860,andre3860@something.com
andre3861,andre3861@something.com
andre3862,andre3862@something.com
andre3863,andre3863@something.com
andre3864,andre3864@something.com
andre3865,andre3865@something.com
andre3866,andre3866@something.com
andre3867,andre3867@something.com
andre3868,andre3868@something.com
andre3869,andre3869@something.com
andre3870,andre3870@something.com
andre3871,andre3871@something.com
andre3872,andre3872@something.com
andre3873,andre3873@something.com
andre3874,andre3874@something.com
andre3875,andre3875@something.com
andre3876,andre3876@something.com
andre3877,andre3877@something.com
andre3878,andre3878@something.com
andre3879,andre3879@something.com
andre3880,andre3880@something.com
andre3881,andre3881@something.com
andre3882,andre3882@something.com
andre3883,andre3883@something.com
andre3884,andre3884@something.com
andre3885,andre3885@something.com
andre3886,andre3886@something.com
andre3887,andre3887@something.com
andre3888,andre3888@something.com
andre3889,andre3889@something.com
andre3890,andre3890@something.com
andre3891,andre3891@something.com
andre3892,andre3892@something.com
andre3893,andre3893@something.com
andre3894,andre3894@something.com
andre3895,andre3895@something.com
andre3896,andre3896@something.com
andre3897,andre3897@something.com
andre3898,andre3898@something.com
andre3899,andre3899@something.com
andre3900,andre3900@something.com
andre3901,andre3901@something.com
andre3902,andre3902@something.com
andre3903,andre3903@something.com
andre3904,andre3904@something.com
andre3905,andre3905@something.com
andre3906,andre3906@something.com
andre3907,andre3907@something.com
andre3908,andre3908@something.com
andre3909,andre3909@something.com
andre3910,andre3910@something.com
andre3911,andre3911@something.com
andre3912,andre3912@something.com
andre3913,andre3913@something.com
andre3914,andre3914@something.com
andre3915,andre3915@something.com
andre3916,andre3916@something.com
andre3917,andre3917@something.com
andre3918,andre3918@something.com
andre3919,andre3919@something.com
andre3920,andre3920@something.com
andre3921,andre3921@something.com
andre3922,andre3922@something.com
andre3923,andre3923@something.com
andre3924,andre3924@something.com
andre3925,andre3925@something.com
andre3926,andre3926@something.com
andre3927,andre3927@something.com
andre3928,andre3928@something.com
andre3929,andre3929@something.com
andre3930,andre3930@something.com
andre3931,andre3931@something.com
andre3932,andre3932@something.com
andre3933,andre3933@something.com
andre3934,andre3934@something.com
andre3935,andre3935@something.com
andre3936,andre3936@something.com
andre3937,andre3937@something.com
andre3938,andre3938@something.com
andre3939,andre3939@something.com
andre3940,andre3940@something.com
andre3941,andre3941@something.com
andre3942,andre3942@something.com
andre3943,andre3943@something.com
andre3944,andre3944@something.com
andre3945,andre3945@something.com
andre3946,andre3946@something.com
andre3947,andre3947@something.com
andre3948,andre3948@something.com
andre3949,andre3949@something.com
andre3950,andre3950@something.com
andre3951,andre3951@something.com
andre3952,andre3952@something.com
andre3953,andre3953@something.com
andre3954,andre3954@something.com
andre3955,andre3955@something.com
andre3956,andre3956@something.com
andre3957,andre3957@something.com
andre3958,andre3958@something.com
andre3959,andre3959@something.com
andre3960,andre3960@something.com
andre3961,andre3961@something.com
andre3962,andre3962@something.com
andre3963,andre3963@something.com
andre3964,andre3964@something.com
andre3965,andre3965@something.com
andre3966,andre3966@something.com
andre3967,andre3967@something.com
andre3968,andre3968@something.com
andre3969,andre3969@something.com
andre3970,andre3970@something.com
andre3971,andre3971@something.com
andre3972,andre3972@something.com
andre3973,andre3973@something.com
andre3974,andre3974@something.com
andre3975,andre3975@something.com
andre3976,andre3976@something.com
andre3977,andre3977@something.com
andre3978,andre3978@something.com
andre3979,andre3979@something.com
andre3980,andre3980@something.com
andre3981,andre3981@something.com
andre3982,andre3982@something.com
andre3983,andre3983@something.com
andre3984,andre3984@something.com
andre3985,andre3985@something.com
andre3986,andre3986@something.com
andre3987,andre3987@something.com
andre3988,andre3988@something.com
andre3989,andre3989@something.com
andre3990,andre3990@something.com
andre3991,andre3991@something.com
andre3992,andre3992@something.com
andre3993,andre3993@something.com
andre3994,andre3994@something.com
andre3995,andre3995@something.com
andre3996,andre3996@something.com
andre3997,andre3997@something.com
andre3998,andre3998@something.com
andre3999,andre3999@something.com
andre4000,andre4000@something.com
andre4001,andre4001@something.com
andre4002,andre4002@something.com
andre4003,andre4003@something.com
andre4004,andre4004@something.com
andre4005,andre4005@something.com
andre4006,andre4006@something.com
andre4007,andre4007@something.com
andre4008,andre4008@something.com
andre4009,andre4009@something.com
andre4010,andre4010@something.com
andre4011,andre4011@something.com
andre4012,andre4012@something.com
andre4013,andre4013@something.com
andre4014,andre4014@something.com
andre4015,andre4015@something.com
andre4016,andre4016@something.com
andre4017,andre4017@something.com
andre4018,andre4018@something.com
andre4019,andre4019@something.com
andre4020,andre4020@something.com
andre4021,andre4021@something.com
andre4022,andre4022@something.com
andre4023,andre4023@something.com
andre4024,andre4024@something.com
andre4025,andre4025@something.com
andre4026,andre4026@something.com
andre4027,andre4027@something.com
andre4028,andre4028@something.com
andre4029,andre4029@something.com
andre4030,andre4030@something.com
andre4031,andre4031@something.com
andre4032,andre4032@something.com
andre4033,andre4033@something.com
andre4034,andre4034@something.com
andre4035,andre4035@something.com
andre4036,andre4036@something.com
andre4037,andre4037@something.com
andre4038,andre4038@something.com
andre4039,andre4039@something.com
andre4040,andre4040@something.com
andre4041,andre4041@something.com
andre4042,andre4042@something.com
andre4043,andre4043@something.com
andre4044,andre4044@something.com
andre4045,andre4045@something.com
andre4046,andre4046@something.com
andre4047,andre4047@something.com
andre4048,andre4048@something.com
andre4049,andre4049@something.com
andre4050,andre4050@something.com
andre4051,andre4051@something.com
andre4052,andre4052@something.com
andre4053,andre4053@something.com
andre4054,andre4054@something.com
andre4055,andre4055@something.com
andre4056,andre4056@something.com
andre4057,andre4057@something.com
andre4058,andre4058@something.com
andre4059,andre4059@something.com
andre4060,andre4060@something.com
andre4061,andre4061@something.com
andre4062,andre4062@something.com
andre4063,andre4063@something.com
andre4064,andre4064@something.com
andre4065,andre4065@something.com
andre4066,andre4066@something.com
andre4067,andre4067@something.com
andre4068,andre4068@something.com
andre4069,andre4069@something.com
andre4070,andre4070@something.com
andre4071,andre4071@something.com
andre4072,andre4072@something.com
andre4073,andre4073@something.com
andre4074,andre4074@something.com
andre4075,andre4075@something.com
andre4076,andre4076@something.com
andre4077,andre4077@something.com
andre4078,andre4078@something.com
andre4079,andre4079@something.com
andre4080,andre4080@something.com
andre4081,andre4081@something.com
andre4082,andre4082@something.com
andre4083,andre4083@something.com
andre4084,andre4084@something.com
andre4085,andre4085@something.com
andre4086,andre4086@something.com
andre4087,andre4087@something.com
andre4088,andre4088@something.com
andre4089,andre4089@something.com
andre4090,andre4090@something.com
andre4091,andre4091@something.com
andre4092,andre4092@something.com
andre4093,andre4093@something.com
andre4094,andre4094@something.com
andre4095,andre4095@something.com
andre4096,andre4096@something.com
andre4097,andre4097@something.com
andre4098,andre4098@something.com
andre4099,andre4099@something.com
andre4100,andre4100@something.com
